truth,mh-auto,otter,yt-auto,yt-manl,zoom-cc,zoom-tr
D623,D623,D623,D623,D623,D623,D623
C636,C636,C636,C636,C636,C636,C636
I500,I500,I500,I500,I500,I500,I500
C635,C635,C635,C635,C635,C635,C635
S335,S330,S335,S335,S335,S335,S335
E524,E524,E524,E524,E524,E524,E524
P655,P655,P655,P655,P655,P655,P655
I000,I000,I000,I000,I000,I000,I000
W400,W400,W400,W400,W400,W400,W400
T200,T200,T200,T200,T200,T200,T200
Y000,Y000,Y000,Y000,Y000,Y000,Y000
I500,I500,I500,I500,I500,I500,I500
M000,M000,M000,M000,M000,M000,M000
V620,V620,V620,V620,V620,V620,V620
S532,S532,S532,S532,S532,,S532
L200,L200,L200,L200,L200,,L200
C612,C612,C612,C120,C612,C230,C612
C612,C600,C600,C400,C612,,C610
H620,H620,H620,H620,H620,,H620
A530,A530,A530,A530,A530,A530,A530
W620,W620,W620,W620,W620,W620,W620
I300,I000,I300,I300,I300,I300,I300
W400,W400,W400,W400,W400,W400,W400
K100,K100,K100,K100,K100,K100,K100
Y000,Y000,Y000,Y000,Y000,Y000,Y000
S200,S200,S200,S200,S200,S200,S200
B200,B200,B200,B200,B200,B200,B200
M200,M200,M200,M200,M200,M200,M200
Y600,Y600,Y600,Y600,Y600,Y600,Y600
H300,H300,H300,H300,H300,H300,H300
W300,W300,W300,W300,W300,W300,W300
H300,H300,H300,H300,H300,H300,H300
G600,G600,G600,G600,G600,G600,G600
D200,D200,D200,D200,D200,D200,D200
T600,T600,T600,T600,T600,T500,T600
I500,I500,A530,A530,I500,A530,A530
E000,E000,I000,I000,E000,I000,I000
Y600,Y600,Y600,Y600,Y600,Y000,Y600
D620,D620,D620,D620,D620,,D620
Y400,W400,Y400,Y400,Y400,,Y400
T600,T600,T600,T600,T600,A362,T600
S000,S000,S000,S400,S000,S000,S000
S400,S000,S400,S400,S400,S400,S400
I000,,I000,I000,I000,I000,I000
O000,O000,O000,O000,O000,O000,O000
H600,H600,H600,H600,H600,H600,H600
M000,M000,M000,M000,M000,M000,M000
P660,P660,P660,P660,P660,P660,P660
P600,,P600,P600,P600,P600,P600
C524,,C524,C524,C524,C524,C524
Y600,,Y600,Y600,Y600,Y600,Y600
L152,,L152,L152,L152,L152,L152
P300,,P300,P300,P300,P300,P300
M200,,M200,M200,M200,M200,M200
M000,,M000,M000,M000,M000,M000
C300,,C300,C300,C300,C300,C300
L200,,L200,L200,L200,L200,L200
N000,,N000,N000,N000,N000,N000
D600,,D600,D600,D600,D600,D600
S000,,S000,S000,S000,S000,S000
I300,,I300,I300,I300,I300,I300
J230,J230,J230,J230,J230,J230,J230
C516,C516,C516,C516,C516,C516,C516
H630,H630,H631,H630,H630,H631,H631
B630,B630,,B630,B630,,
A530,A530,A530,A530,A530,A530,A530
H630,H000,H630,H630,H630,H630,H630
D200,D200,D200,D200,D200,D200,D200
A530,A530,A530,A530,A530,I500,A530
D300,D300,D300,D300,D300,D300,D300
L630,L630,L630,L630,L630,L630,L630
A530,A530,A530,A530,A530,,A530
W630,W630,W630,W630,W630,,W630
S630,S630,S630,S430,S630,S230,S630
A530,A530,A530,A530,A530,A530,A530
S630,S630,S630,S630,S630,S630,S630
R350,R350,R350,R350,R350,R350,R350
A530,A530,I500,A530,A530,,A530
B635,B635,B635,B635,B635,,B635
M530,M530,M530,M530,M530,M530,M530
T000,T000,T000,T000,T000,T000,T000
L360,L360,L360,L360,L360,L360,L360
H000,H000,H000,H000,H000,H000,H000
I320,I320,I320,I320,I320,I300,I320
,,,,,I200,
W635,W635,W635,W635,W635,W635,W635
M300,,M300,M300,M300,M300,M300
H200,,H200,H200,H200,H200,H200
N300,,N300,N300,N300,N300,N300
T000,,T000,T000,T000,T000,T000
S530,,S530,S530,S530,S530,S530
O100,,O100,O100,O100,O100,O100
B300,,B300,B300,B300,B300,B300
S000,,S000,S000,S000,S000,S000
S300,,S300,S300,S300,,S300
P000,,P000,P000,P000,,P000
P300,,P300,P300,P300,P300,P300
L300,,L300,L300,L300,L300,L300
B300,,B300,B300,B300,B300,B300
P430,,P430,F430,P430,,P430
N000,,N000,N000,N000,N000,N000
I000,I000,I000,I000,I000,I000,I000
S640,S640,S640,S640,S640,S640,S640
W400,W400,W400,W400,W400,W400,W400
N300,N300,N300,N300,N300,N300,N300
P420,P420,P420,P420,P420,P420,P420
Y000,Y000,Y000,Y000,Y000,Y000,Y000
W300,W300,W300,W300,W300,W300,W300
S200,S200,S200,S200,S200,S200,S200
W632,W632,W632,W632,W632,W632,W632
A200,A200,A200,A200,A200,A200,A200
V200,P420,V200,V200,V200,V200,V200
A530,A530,A530,A530,A530,A530,A530
A200,A200,A300,E200,A200,E200,A300
,,Y000,Y000,,Y000,Y000
B300,B300,B300,B300,B300,B300,B300
B000,B000,B000,B000,B000,B000,B000
C614,C614,C614,C614,C614,C614,C614
H000,H000,H000,H000,H000,H000,H000
Y000,Y000,Y000,Y000,Y000,Y000,Y000
S120,S120,S120,S120,S120,S120,S120
S000,S000,S000,S000,S000,,S000
B620,B620,B620,B620,B620,,B620
,A530,,T200,,,
S320,S320,S320,,S320,,S320
B300,B300,B300,B300,B300,B300,B300
B420,B420,B420,B420,B420,B420,B420
A530,A530,A530,A530,A530,A530,A530
S362,S362,S362,S362,S362,S362,S362
P612,C415,P612,P612,P612,P612,P612
P622,O150,P622,P622,P622,P622,P622
F220orF200,H000,F220orF200,F360,F220orF200,F220orF200,F220orF200
V000,,V000,V000,V000,V000,V000
P100,,P100,P100,P100,P100,P100
S510,,S510,S510,S510,R210,S510
R210,,R210,R210,R210,A530,R210
A530,,A530,A530,A530,,A530
C600,,Q600,C600,C600,C600,C600
C415,,C415,C415,C415,C415,C415
O150,,O150,O150,O150,O150,O150
H000,,H000,H000,H000,H000,H000
A530,A530,A530,A530,A530,A530,A530
L000,L000,L000,L000,L000,L000,L000
S613,S613,S613,S613,S613,S613,S613
R213,R213,R213,R213,R213,R213,R213
S000,S000,S000,S000,S000,,S000
P500,P500,P500,P500,P500,P500,P500
,A530,,,,,
T000,T000,T000,T000,T000,T000,T000
H600,H600,H600,H600,H600,H600,H600
M000,,W000,W000,M000,W000,M000
S000,S000,S000,S000,S000,S000,S000
D130,D130,D130,D130,D130,D130,D130
O100,O100,O100,O100,O100,O100,O100
T626,T626,T626,T626,T626,T626,T626
D236,D236,D236,D236,D236,D236,D236
L236,L236,L236,L236,L236,,L236
A530,A530,A530,A530,A530,A530,A530
T612,T612,T612,T612,T612,T612,T612
T130,T130,T130,T130,T130,T130,T130
M242,M242,M242,M242,M242,M242,M242
T124,T124,T124,T100,T124,T120,T124
,,,S420,,,
A242,A242,I242,A242,A242,A242,I242
E242,E242,E242,E242,E242,E242,E242
S542,S542,S542,S542,S542,S542,S542
,A530,,,,,
R142,R142,R142,R142,R142,R142,R142
W400,,H400,H400,W400,H400,H400
H400,,H400,H400,H400,,H400
S254,,S254,S254,S254,S254,S254
S255,,S255,S255,S255,S255,S255
T520,,T520,T520,T520,T520,T520
E255,,E255,E255,E255,E255,E255
C515,,C515,C515,C515,,C515
S460,S460,S460,S460,S460,S460,S460
V260,V260,V260,P260,V260,V260,V260
A530,A530,A530,A530,A530,A530,A530
C260,C260,C260,C260,C260,C260,C260
S460,S460,S460,S460,S460,S460,S460
M200,M200,M200,M200,M200,M200,M200
W600,W600,W600,W600,W600,W600,W600
A530,A530,A530,A530,A530,,A530
F600,F600,F600,F600,F600,,F600
F650,,F650,F650,F650,F650,F650
D260,,D260,D260,D260,D260,D260
D261,,D261,D261,D261,,D261
A356,,A356,A356,A356,A356,A356
F650,,F650,F600,F650,F650,
A356,,A356,A356,A356,A356,A356
,,,,,A530,
,,,,,F600,
,,,,,T000,
,,,,,S100,
,,,,,W621,
L516,,L516,L516,L516,L516,
P451,,P451,P451,P451,P451,P451
B600,,B600,B600,B600,,B600
B300,,B300,B300,B300,B300,B300
B660,,B660,B660,B660,B660,B660
C350,,C350,C350,C350,C350,C350
B625,,B650,B660,B625,B660,B650
R550,,R553,R553,R550,R553,R553
B300,,B300,,B300,B300,B300
K550,,K550,U525,K550,K550,K550
K543,,K543,K543,K543,,K543
D500,,D500,T500,D500,,D500
B300,,B300,B300,B300,B300,B300
G500,,G500,C550,G500,C550,G500
A530,,A530,,A530,,A530
T500,O500,T500,T500,T500,T500,T500
O500,E000,O500,O500,O500,O500,O500
A555,A555,A555,A555,A555,A555,A555
B456,B456,B456,B456,B456,B456,B456
K325,K325,K325,K325,K325,K325,K325
L250,L250,L250,L253,L250,L250,L250
L536,L536,L536,L536,L536,L536,L536
L640,L640,L640,L640,L640,L640,L640
G636,G636,G636,G636,G636,G636,G636
G655,G655,G655,G655,G655,G655,G655
W530,W530,W530,W530,W530,W530,W530
A530,A530,A530,A530,A530,A530,A530
M530,M530,M530,M530,M530,M530,M530
S500,S500,S500,S500,S500,S500,S500
M415,M415,M415,M415,M415,M450,M415
,,,E000,,,
M525,M525,M525,M525,M525,M500,M525
T632,,T632,T632,T632,T230,T632
,,,,,U200,
T622,,T622,T622,T622,T622,T622
C524,,,,C524,,
,,C520,C520,,S500,C520
,,L360,L360,,L360,L360
R352,,R352,R352,R352,R352,R352
R352,,R352,R352,R352,,R352
H350,,R352,E150,H350,H350,H350
H360,,M200,H360,H360,H360,H360
T200,,,T200,T200,T200,T200
P532,,,P532,P532,P532,P532
L165,,,L165,L165,L165,L165
G120,,,G120,G120,G120,G120
M200,,,M230,M200,M220,M200
G620,,G620,G620,G620,,G620
B620,,B620,B620,B620,B620,B620
B620,,B620,B620,B620,B620,B620
N530,,N530,N530,N530,N530,N530
P453,,P453,P453,P453,,P453
B430,B430,B430,B430,B430,B430,B430
D200,D200,D200,D200,D200,D200,D200
N300,N300,N300,N300,N300,N300,N300
,R500,,,,,
,W300,,,,,
E530,,E530,E530,E530,E530,E530
L200,,L200,L200,L200,L200,L200
B430,B430,B430,B400,B430,,B430
B230,B230,B230,B230,B230,B230,B230
W430,W430,W430,W430,W430,W430,W430
M430,M430,M430,M430,M430,M430,M430
C430,C430,C430,C430,C430,C430,C430
B430,B430,B430,B430,B430,B430,B430
A530,A530,A530,A530,A530,A530,A530
F430,F430,F430,F430,F430,F430,F430
A600,A600,A600,A600,A600,A600,A600
N300,N300,N300,N300,N300,N300,N300
L200,L200,L200,L200,L200,L200,L200
F300,F300,F300,F300,F300,F300,F300
N600,N600,N600,N600,N600,N600,N600
I200,I200,I200,I200,I200,I200,I200
M430,M430,M430,M430,M430,M430,M430
L200,L200,L200,L200,L200,L200,L200
S430,,S430,S430,S430,S430,S430
A530,A530,A530,A530,A530,A530,A530
W430,W300,W430,W430,W430,W430,W430
B523,,B523,B523,B523,B523,B523
I200,,I200,I200,I200,I200,I200
N300,,N300,N300,N300,N300,N300
N640,,N640,N640,N640,N640,N640
P623,,P623,P623,P623,P623,P200
W200,,W200,W200,W200,W200,W200
I200,,I200,I200,I200,I200,I200
S300,,S300,S300,S300,S300,S300
T000,,T000,T000,T000,T000,T000
R500,,R500,R500,R500,R500,R500
W300,,W300,W300,W300,W300,W300
D620,,D620,D620,D620,D620,D200
,,,A000,,,
V220,V220,V220,V220,V220,V220,V220
V253,V253,V253,V000,V253,V253,V253
,,,C530,,,
L300,L300,L300,L300,L300,L300,L300
A530,A530,A530,A530,A530,A530,A530
B630,B630,B630,B623,B630,B630,B630
T630,T630,T630,T630,T630,T630,B630
T000,T000,T000,T000,T000,T000,T000
F663,F663,F663,F663,F663,F663,F663
T000,T000,T000,T000,T000,T000,T000
R630,R630,R630,R630,R630,R630,R630
A530,A530,A530,A530,A530,A530,A530
Y600,Y600,Y600,H600,Y600,Y600,Y600
P655,P655,P655,P655,P655,P655,P655
O200,O200,O200,O200,O200,O200,O200
W500,W500,W500,W500,W500,W500,W500
Y000,Y000,Y000,Y000,Y000,Y000,Y000
S000,C623,S000,S000,S000,S000,S000
C623,S000,C623,C623,C623,C623,C623
C623,C623,C623,C623,C623,C623,C623
R533,R533,R533,R533,R533,R533,R533
W533,W533,W533,W533,W533,W533,W533
G610,G610,G610,G610,G610,G610,G610
A530,A530,A530,A530,A530,A530,A530
S100,S100,S100,S100,S100,S100,S100
F653,F653,F653,F653,F653,F653,F653
A530,A530,A530,A530,A530,A530,A530
F530,F530,F530,F530,F530,F530,F530
A410,A410,A410,A410,A410,A410,A410
A530,A530,A530,A530,A530,A530,A530
L100,L100,L100,L100,L100,L100,L100
L163,,L163,L163,L163,L163,L163
L166,,L166,L166,L166,L166,L166
H100,,H100,E150,H100,H000,H100
A530,,A530,,A530,A530,A530
H150,,H150,H150,H150,H150,H150
R240,,R240,R240,R240,R240,R240
A200,,A200,A200,A200,A200,A200
M232,,M232,M232,M232,M232,M232
E415,,E415,E415,E415,E415,E415
W000,,W000,W000,W000,W000,W000
S000,,S000,S000,S000,S000,S000
H430,,H430,H430,H430,H400,H430
B300,,B300,B300,B300,B300,B300
A430,,A430,A430,A430,A430,A430
P140,,P140,P140,P140,P140,P140
L163,,L163,L163,L163,,L163
T300,,T300,T300,T300,T300,T300
B300,,B300,B300,B300,B300,B300
V300,,V300,V300,V300,V300,V300
M620,,M620,M623,M620,M620,M620
T000,,T000,T000,T000,T000,T000
D165,,D165,D165,D165,D165,D165
M616,,M616,M616,M616,M616,M616
B350,,B350,B350,B350,B350,B350
M160,,M160,M160,M160,M160,M160
P416,,P416,P436,P416,,P416
D160,,D160,D160,D160,D160,D160
L220,,L220,L220,L220,L220,L220
B622,,B632,B622,B622,B632,B632
W200,,W200,W200,W200,W200,W200
P622,,P622,P622,P622,,P622
C420,,C420,C420,C420,C420,C420
B300,,B300,B300,B300,B300,B300
P420,,P420,P420,P420,P420,P420
A530,,A530,A530,A530,A530,A530
L200,,L200,L200,L200,L200,L200
C540,,C540,C540,C540,C540,C540
C523,,C523,C523,C523,C523,C523
U523,,U523,U523,U523,U523,U523
P652,,P652,P652,P652,P652,P652
D214,,D214,D214,D214,D214,D214
L140,,L140,L140,L140,L140,L140
P340,,P340,P340,P340,P340,P340
P540,,P540,P540,P540,P540,P540
A530,,A530,A530,A530,A530,A530
C540,,C540,C540,C540,C540,C540
W300,,W230,W300,W300,W230,W300
S652,,S652,S652,S652,S652,S652
P430,,P430,P430,P430,P430,P430
P652,,P652,P652,P652,P652,P652
P400,,P400,P400,P400,,P400
S300,,S300,S300,S300,S000,S300
S300,,,S300,S300,S300,S300
R500,,R500,R500,R500,R500,R500
C623,,C623,C623,C623,C623,C623
C533,,C533,C533,C533,C533,C533
R500,,R500,R500,R500,,R500
W300,,W300,W300,W300,W300,W300
S620,,S623,C623,S620,C623,C623
I300,,,,I300,,
A530,,A530,A530,A530,A530,A530
B530,,B530,B530,B530,B530,B530
I300,,I300,I300,I300,I300,I300
B300,,B300,B300,B300,B300,B300
I300,,I300,I300,I300,I300,I300
I200,,I200,I200,I200,I200,I200
N300,,N300,N300,N300,N300,N300
H630,,H630,H630,H630,H630,H630
T000,,T000,T000,T000,T000,T000
T400,,T400,T400,T400,T400,T400
W000,,W000,W000,W000,W000,W000
I320,,I320,I320,I320,I320,I320
P400,,P400,P400,P400,P400,P400
M400,,M400,M400,M400,M400,M400
B300,,B300,B300,B300,B300,B300
P400,,P400,P454,P400,P450,P400
M400,,M400,,M400,,M400
M240,,M240,M240,M240,M240,M240
M246,,M246,M346,M246,M246,M246
G400,,J400,J400,G400,J400,J400
I650,,I650,I650,I650,,I650
T516,,T516,T516,T516,,T516
C451,,C451,C451,C451,C451,C451
B450,,B450,B450,B450,B450,B450
L500,,L500,L500,L500,L500,L500
W650,,W650,W650,W650,W650,W650
A530,,A530,A530,A530,A530,A530
S365,,S365,S365,S365,S365,S365
C200,,C200,S200,C200,C200,C200
C200,,C200,C620,C200,C200,C200
C600,,C600,C600,C600,C600,C600
S536,,S536,S536,S536,S536,S536
S123,,S123,S123,S123,S123,S123
M600,,M600,M600,M600,M600,M600
I100,I100,I100,I100,I100,I100,I100
P610,P610,P610,P610,P610,P610,P610
F520,F520,F520,F520,F520,F520,F520
C456,C456,C456,C456,C456,C456,C456
A530,A530,A530,A530,A530,A530,A530
E556,E556,E556,E556,E556,E556,E556
R500,R500,R500,R500,R500,R500,R500
W300,W300,W300,W300,W300,W300,W300
H560,H560,H560,H560,H560,H560,H560
P200,,P200,H200,P200,P200,P200
H200,,H200,,H200,H200,H200
A530,,A530,A530,A530,A530,A530
P220,,P220,P220,P220,P220,P220
D263,,D263,D263,D263,D263,D263
B300,,B300,B300,B300,B300,B300
D263,,D263,D263,D263,D263,D263
A362,,A362,A362,A362,A362,A362
G410,,G410,G410,G410,G000,G100
W410,,W410,W410,W410,W410,W410
C535,,C535,C535,C535,C535,C535
L355,,L355,L130,L355,L355,L355
,,,T553,,,
H230,,H230,H230,H230,H230,H230
I500,,I500,I500,I500,I500,I500
L000,,L000,L000,L000,L000,L000
O100,,O100,O100,O100,O100,O100
F420,,F420,F420,F420,F420,F420
L130,,L130,L130,L130,L130,L130
P553,,P553,P553,P553,P553,P552
R160,R160,R160,R160,R160,R160,R160
R140,R140,R140,R140,R140,R140,R140
T510,T510,T510,T510,T510,T510,T510
B510,B510,B510,B510,B510,,B510
C510,C510,C510,C510,C510,,C510
D400,D400,D400,D400,D400,,D400
A530,A530,A530,A530,A530,A530,A530
R400,R400,R400,R400,R400,R400,R400
A530,A530,A530,A530,A530,A530,A530
S500,S500,S553,S553,S500,S500,S553
A530,A530,,,A530,A530,
H500,H500,H500,H500,H500,H500,H500
S365,S365,S365,S365,S365,S365,S365
D200,D200,D200,D200,D200,D200,D200
N300,N300,N300,N300,N300,N300,N300
R500,R500,R500,R500,R500,R300,R500
W300,W300,W300,W300,W300,W300,W300
A526,A526,A526,A526,A526,A526,A526
N360,N360,N360,N360,N360,N360,N360
D200,D200,D200,D200,D200,D200,D200
D160,D160,D160,D160,D160,D160,D160
W300,W300,W300,W300,W300,W300,W300
C452,C452,C452,C452,C452,C452,C452
S400,S420,S400,S400,S400,S400,S400
B300,B300,B300,B300,B300,B300,B300
F400,F400,F400,F400,F400,F400,F400
A530,,A530,A530,A530,A530,A530
G530,H530,G530,G530,G530,G530,G530
B300,B300,B300,B300,B300,B300,B300
A530,A530,A530,A530,A530,,A653
F530,F530,F530,F530,F530,,F530
F653,F653,F653,F653,F653,F653,F653
W530,W530,W530,W530,W530,W530,W530
W530,W530,W530,W530,W530,W530,W530
G653,G653,G653,G653,G653,G653,G653
A530,A530,A530,A530,A530,A530,A530
G653,G653,G653,G653,G653,G653,G653
S200,S200,S200,S200,S200,C200,S200
G200,G200,G200,G200,G200,T200,G200
D200,D200,T200,T200,D200,,D200
,,N000,N000,N000,K500,N000
,,Y000,,Y000,Y600,Y600
,,A600,Y600,A600,,
,,W652,W652,W652,W652,W652
,,T200,T200,T200,T200,T200
,,I200,I200,I200,I200,I200
,,T000,T000,T000,T000,T000
,,P464,P464,P464,P464,P464
,,O100,O100,O100,O100,O100
,,D200,D200,D000,D200,D000
N000,N000,N000,N000,N000,N000,N000
F623,F623,F623,F623,F623,F623,F623
S000,S000,S000,S000,S000,S000,S000
F526,F526,F526,F526,F526,F526,F526
A530,A530,A530,A530,A530,A530,A530
T500,T500,T500,T500,T500,T500,T500
S526,S526,S526,S526,S526,S526,S526
G526,G526,G526,G526,G526,G526,G526
L526,L526,L526,L526,L526,,L526
R400,R400,R400,R400,R400,,R400
Z400,Z400,Z400,Z400,Z400,,Z400
M100,M100,M100,M100,M100,,M100
G200,G200,G200,G200,G200,,G200
,G200,,,,,
A530,A530,A530,A530,A530,A530,A530
G200,G200,G200,G200,G200,G200,G200
M620,M620,M620,M620,M620,M620,M620
F420,F420,F420,F420,F420,F420,F420
M620,M620,M620,M620,M620,M620,M620
,A530,,,,,
A200,A200,A200,A200,A200,,A200
Q600,Q600,Q600,Q600,Q600,Q600,Q600
D200,D200,D200,D200,D200,D200,D200
N300,N300,N300,N300,N300,N300,N300
R500,R500,R500,R500,R500,R500,R500
W300,W300,W300,W300,W300,W300,W300
V600,V600,V600,V600,V600,V600,V600
N600,N600,N600,N600,N600,N300,N600
D200,D200,D200,D200,D200,A200,D200
F600,F600,F600,F600,F600,F600,F600
S530,S530,S530,S530,S530,,S530
L200,L200,L200,L200,L200,L200,L200
B600,B600,B600,B600,B600,B600,B600
D230,D230,D230,D230,D230,D230,D230
L230,L230,L230,L230,L230,L230,L230
P230,P230,P230,P230,P230,P230,P230
A530,A530,A530,A530,A530,A530,A530
D300,D000,D100,D100,D300,D230,D100
C430,C430,C430,C430,C430,C430,C430
L300,L300,L300,L100,L300,,L300
J100,J100,J100,J100,J100,J100,J100
J100,K510,J100,J100,J100,J100,J100
B425,,B425,B425,B425,B425,B425
B250,B250,B250,B250,B250,B250,B250
,T652,,,,,
O300,O300,O300,O300,O300,O300,O300
T200,T200,T200,T200,T200,T200,T200
T000,T000,T000,T000,T000,T000,T000
D165,D165,D165,D165,D165,D165,D165
S520,S500,S520,S520,S520,S520,S520
L340,L340,L340,L340,L340,L340,L340
W000,W000,W000,W000,W000,W000,W000
S000,S000,S000,S000,S000,S000,S000
A234,A234,A234,A234,A234,A234,A234
B300,B300,B300,B300,B300,B300,B300
V234,V340,F340,F340,V234,F340,F340
S300,,S300,S300,S300,S300,S300
S300,,S300,S300,S300,S300,S300
C230,,C230,C230,C230,C230,C230
C230,,C230,C230,C230,,C230
L200,,L000,L000,L200,L000,L000
E230,,A300,E230,E230,E230,A300
H230,,H230,H230,H230,,H230
P300,,P300,P300,P300,P300,P300
N300,,N300,N300,N300,N300,N300
G653,,G653,G653,G653,G653,G653
B300,,B300,B300,B300,B300,B300
U530,,U530,U530,U530,U500,U530
R160,R160,R160,R160,R160,R160,R160
D200,D200,D200,D200,D200,D200,D200
N300,N300,N300,N300,N300,N300,N300
R500,R500,R500,R500,R500,R500,R500
W300,W300,W300,W300,W300,W300,W300
D160,D160,D160,D160,D160,D163,D160
F160,F000,P160,E160,F160,,P160
D200,D200,D200,D200,D200,U200,D200
A530,A530,A530,A530,A530,A530,A530
Z160,Z160,Z160,Z160,Z160,Z160,Z160
H160,H160,H160,E160,H160,H160,H160
D400,,D400,D400,D400,D400,D400
B400,,B400,P430,B400,B400,B400
G160,,J160,J160,G160,J160,J160
G620,,G620,T230,G620,G620,G620
A300,,E300,A300,A300,E300,E300
L300,,L300,L300,L300,,L300
H530,M530,H530,H530,H530,P530,H530
P530,P530,P530,P530,P530,P530,P530
S530,S530,S530,S530,S530,S530,S530
B300,A530,B300,B300,B300,B300,B300
S330,S330,S330,S330,S330,S330,S330
,D400,,,,,
,B400,,,,,
,A530,,,,,
,G620,,,,,
,E300,,,,,
,L300,,,,,
S520,S520,S520,S520,S520,S520,S520
A612,A612,A612,A612,A612,A612,A612
P212,P212,P212,P212,P212,P212,P212
S520,S520,S520,S520,S520,S520,S520
C525,C525,C525,C525,C525,C525,C525
S531,S531,S531,S531,S531,,S531
,L163,,,,,
,L166,,,,,
,A530,,,,,
,H150,,,,,
,R240,,,,,
,A252,,,,,
,E415,,,,,
,W000,,,,,
,S000,,,,,
,H430,,,,,
,B300,,,,,
,A430,,,,,
,P140,,,,,
,L163,,,,,
,T300,,,,,
,B300,,,,,
,V300,,,,,
,M620,,,,,
,T000,,,,,
,D165,,,,,
,M616,,,,,
,B350,,,,,
,M160,,,,,
,C160,,,,,
,C416,,,,,
,L220,,,,,
,B622,,,,,
,W200,,,,,
,P622,,,,,
,C420,,,,,
,B300,,,,,
,P420,,,,,
,A530,,,,,
,L200,,,,,
,C540,,,,,
,C523,,,,,
,U523,,,,,
,P652,,,,,
,D214,,,,,
,L140,,,,,
,P340,,,,,
,P540,,,,,
,A530,,,,,
,C540,,,,,
,W230,,,,,
,S616,,,,,
,P430,,,,,
,P652,,,,,
,P400,,,,,
,W650,,,,,
,A530,,,,,
,S365,,,,,
,S620,,,,,
,C200,,,,,
,C600,,,,,
,S536,,,,,
,S123,,,,,
,M600,,,,,
T600,T000,T600,T600,T600,T600,T600
B300,B300,B300,B300,B300,B300,B300
O600,O600,H600,O600,O600,H600,H600
A530,A530,A530,A530,A530,A530,A530
S260,S260,S260,S260,S260,S260,S260
F600,F600,F600,F600,F600,F600,F600
G200,G200,G200,G200,G200,G200,G200
A420,A420,A420,A420,A420,A420,A420
A530,A530,A530,A530,A530,A530,A530
A625,A625,A625,A625,A625,A625,A625
S000,S000,S000,S000,S000,S000,S000
I300,I300,I300,I300,I300,I300,I300
G500,K600,G500,G500,G500,G500,G500
A600,A600,A600,A600,A600,A600,A600
P245,P245,S500,S500,P245,S500,P245
M600,M600,M600,M600,M600,M600,M600
B300,B300,B300,B300,B300,B300,B300
M460,M460,M460,M460,M460,M460,M460
Y300,Y300,Y300,Y300,Y300,Y300,Y300
S300,S300,S300,S300,S300,S300,S300
S365,S365,S365,S500,S365,S365,S365
C452,C452,C452,C452,C452,C452,C452
A530,A530,A530,,A530,A530,A530
C450,C450,C450,C450,C450,C450,C450
D236,D236,D236,D236,D236,D236,D236
T615,T615,T615,T615,T615,T615,T615
M650,M650,M650,M650,M650,M650,M650
C516,C516,C516,C516,C516,C516,C516
A450,A450,A450,A450,A450,A450,A450
W300,W300,W300,W300,W300,W300,W300
I345,I345,I345,I345,I345,I345,I345
D534,D534,D534,T500,D534,T500,T500
,,,T000,,T000,T000
,,,L500,,L500,L500
W300,A530,W300,W300,W300,W300,W300
B345,B345,B345,B345,B345,B345,B345
S400,S400,S400,S400,S400,S400,S400
W300,W300,W300,W300,W300,W300,W300
A400,A400,A400,A400,A400,A400,A000
,,,,,,L000
Y000,I000,Y000,Y000,Y000,Y000,Y000
Y000,W000,Y000,A000,Y000,I000,I000
,A530,,,,,
E000,,I000,A000,E000,I000,I000
I000,,,A000,I000,I000,
A000,,,A000,A000,,
A000,,A000,,A000,,
W000,,W000,W000,W000,W000,W000
K000,K000,K000,K000,K000,K000,K000
Q000,,K000,K000,Q000,,K000
S000,S000,S000,S000,S000,S000,S000
A160,O160,A000,A000,A160,A000,E160
,,V600,V610,,V610,
B300,B300,B300,B300,B300,B300,B300
E160,E160,E160,E160,E160,E160,E160
F160,F160,F160,F160,F160,F160,F160
N360,N360,N360,N360,N360,N360,N360
L260,L260,L260,L362,L260,L260,L260
S500,S500,G500,G530,S500,,S500
R216,D216,R216,R216,R216,,R216
N160,,N160,N160,N160,N160,N160
G200,,G200,G200,G200,G200,G200
I300,,I300,I300,I300,I300,I300
I200,,I200,I200,I200,I200,I200
N300,,N300,N300,N300,N300,N300
S100,,S100,S100,S100,S100,S100
W000,,W000,W000,W000,W000,W000
S000,,S000,S000,S000,S000,S000
C412,,C620,C600,C412,C620,C620
V412,,V412,V412,V412,V412,V412
H410,,H410,H410,H410,H410,H410
B300,,B300,B300,B300,B300,B300
R410,,R100,R100,R410,R100,R100
H650,H650,H650,H650,H650,H650,H650
G656,G656,G656,G656,G656,G656,G656
C560,C560,C560,C560,C560,C560,C560
C612,C612,C612,C612,C612,C612,C612
A530,A530,A530,A530,A530,A530,A530
D120,D120,D120,D120,D120,D120,D120
A530,A530,A530,A530,A530,A530,A530
E600,A600,A600,A600,E600,A600,A600
F200,F200,F200,F200,F200,,F200
B300,B300,B300,B300,B300,B300,B300
P612,P612,P612,P612,P612,P612,P612
B300,N300,B300,B300,B300,B300,B300
E120,E120,E120,A000,E120,A000,E120
,,,F200,,F200,
P425,P425,P425,P425,P425,,P425
P425,P425,P425,P425,P425,P425,P425
A200,A000,A200,A200,A200,A220,A200
G420,G420,G420,G420,G420,,G420
B200,B200,B200,B200,B200,B200,B200
L620,L620,L620,L620,L620,L620,L620
B300,B300,B300,B300,B300,B300,B300
T623,T623,T623,T623,T623,T623,T623
G500,I500,I500,G500,G500,,G500
G100,G100,G100,G100,G100,G100,G100
V625,V625,V625,V625,V625,V625,V625
O230,O230,O230,A230,O230,O230,O230
O300,O300,O300,O300,O300,,O300
J230,J230,J230,J230,J230,J230,J230
A530,A530,A530,A530,A530,A530,A530
S600,S600,S600,S600,S600,S600,S600
B300,,B300,B300,B300,B300,B300
S625,S625,S625,S625,S625,S625,S625
E600,E600,E600,E600,E600,E600,E600
B300,B300,B300,B300,B300,B300,B300
E650,U650,U650,E650,E650,E650,E650
A530,A530,A530,A530,A530,A530,A530
W600,W600,W600,W600,W600,W600,W600
A530,A530,A530,A530,A530,A530,A530
T600,T600,T600,T600,T600,T600,T600
D000,D000,D000,D000,D000,D000,D000
N300,N300,N300,N300,N300,N300,N300
R500,R500,R500,R500,R500,R500,R500
W300,W300,W300,W300,W300,W300,W300
H600,H600,H600,H600,H600,H600,H600
B300,B300,B300,B300,B300,B300,B300
E600,A600,A600,E600,E600,A600,A600
S150,S150,S150,S150,S150,S150,S150
I200,I200,I200,I200,I200,I200,I200
R230,R230,R230,R230,R230,R230,R230
B300,B300,B300,B300,B300,B300,B300
S000,S000,S000,S000,S000,S000,S000
I200,I200,I200,I200,I200,I200,I200
E150,E150,E150,E150,E150,E150,E150
H150,H150,H150,,H150,,H150
R250,R150,R150,R140,R250,,R150
N100,N100,N100,N100,N100,,N100
S315,S315,S315,S315,S315,S315,S315
M520,M520,M520,M520,M520,M520,M520
D520,D520,D520,D520,D520,D520,D520
C462,T620,C462,C462,C462,C462,C462
A530,A530,A530,A530,A530,A530,A530
J620,J620,J620,J620,J620,J620,J620
A210,A200,A210,A230,A210,A210,A210
G621,G621,G621,G621,G621,G621,G621
W210,W210,W210,W210,W210,W210,W210
A530,A530,A530,A530,A530,A530,A530
C620,,C620,,C620,C620,C620
A530,,A530,A530,A530,A530,A530
W620,,W620,W620,W620,W620,W620
P655,P655,P655,P655,P655,P655,P655
T520,T520,T520,T520,T520,T520,T520
O100,O100,O100,O100,O100,O100,O100
P220,P220,P220,P220,P220,P220,P220
I200,I200,I200,I200,I200,I200,I200
A000,A000,A000,A000,A000,A000,A000
P452,P452,P452,P452,P452,P452,P452
S330,S330,S330,S330,S330,,S330
A530,A530,A530,A530,A530,,A530
S120,S120,S120,S120,S120,S120,S120
W530,W530,W530,W530,W530,W530,W530
I300,I300,I300,I300,I300,I300,I300
M200,M200,M200,M200,M200,M200,M200
Y000,Y000,Y000,Y000,Y000,Y000,Y000
L200,L200,L200,L200,L200,L200,L200
Y600,Y600,Y600,Y600,Y600,Y600,Y600
W320,W320,W320,W320,W320,W320,W320
W635,W635,W635,W635,W635,W635,W635
G632,G632,G632,G632,G632,,G632
A530,A530,A530,A530,A530,A530,A530
S520,S520,S520,S520,S520,S520,S520
G632,G632,G632,G632,G632,G632,G632
I320,I320,I320,I320,I320,I320,I320
A000,A000,A000,A000,A000,A000,A000
D620,D620,D620,D620,D620,D620,D620
A120,A120,A120,A120,A120,A120,A120
O600,O600,O600,O600,O600,O600,O600
T540,T540,T540,T540,T540,T540,T540
S365,S365,S365,S365,S365,T500,S365
W300,W300,W300,W300,W300,W300,W300
S352,S352,S352,S352,S352,S352,S352
L200,,L200,L200,L200,L200,L200
,S330,,,,,
,S420,,,,,
R420,,R460,R400,R420,R460,R420
G540,G540,G540,G540,G540,G540,G540
I245,I245,I245,I245,I245,I245,I245
A530,A530,A500,A530,A530,A530,A530
I240,I240,I240,I240,I240,I240,I240
O100,O100,O100,O100,O100,O100,O100
W230,W230,W230,W230,W230,W230,W230
H210,U210,H200,H200,H210,H200,H200
,,I100,I100,,A000,
V632,V632,V632,V632,V632,V632,V632
A530,A530,A530,A530,A530,A530,A530
I532,I532,I532,I532,I532,I532,I532
D530,,D530,D530,D530,D530,D530
Y000,,Y000,Y000,Y000,Y000,Y000
T520,,T520,T520,T520,T520,T520
S000,,S000,S000,S000,S000,S000
R360,,R360,R360,R360,R360,R360
R360,,R360,R360,R360,,R360
S520,,S520,S520,S520,S520,S520
L360,,L360,L360,L360,L360,L360
B360,,B360,B360,B360,F360,B360
F360,,F636,F360,F360,,F360
F540,F540,F540,F540,F540,F540,F540
W200,W200,W200,W200,W200,W200,W200
R520,R520,R520,S652,R520,S652,R520
W300,W300,W300,W300,W300,W300,W300
E520,E520,E520,E520,E520,E520,E520
T200,T200,T200,T200,T200,T200,T200
T620,T620,T620,T620,T620,T620,T620
P420,P420,P400,P420,P420,P400,P400
C200,O600,C200,C200,C200,C200,C200
H200,D200,H200,H200,H200,,H200
O600,O600,O600,O600,O600,O600,O600
,C200,,,,,
T200,,T100,T200,T200,T100,T100
H220,H210,P200,P200,H220,P200,P210
,,U100,U100,,U100,
H200,H200,A200,A200,H200,A200,A200
T000,T000,T000,T000,T000,T000,T000
S530,S530,S530,S530,S530,S530,S530
O100,O100,O100,O100,O100,O100,O100
C100,C100,C100,C100,C100,C100,C100
M000,M000,M000,M000,M000,M000,M000
A312,A312,A312,A312,A312,A312,A312
I200,I200,I200,I200,I200,I200,I200
,T000,,,,,
G100,G100,G100,G100,G100,G100,G100
I300,,I300,I300,I300,I300,I300
U100,U100,U100,U100,U100,U100,U100
